エリア,対象分類,2月1日,2月2日,2月3日,2月4日,2月5日,2月6日,2月7日,2月8日,2月9日,2月10日,2月11日,2月12日,2月13日,2月14日,2月15日,2月16日,2月17日,2月18日,2月19日,2月20日,2月21日,2月22日,2月23日,2月24日,2月25日,2月26日,2月27日,2月28日,2月29日,3月1日,3月2日,3月3日,3月4日,3月5日,3月6日,3月7日,3月8日,3月9日,3月10日,3月11日,3月12日,3月13日,3月14日,3月15日,3月16日,3月17日,3月18日,3月19日,3月20日,3月21日,3月22日,3月23日,3月24日,3月25日,3月26日,3月27日,3月28日,3月29日,3月30日,3月31日,4月1日,4月2日,4月3日,4月4日,4月5日,4月6日,4月7日,4月8日
東京23区全体,全体,10485000,10164000,11676000,11687000,11659000,11690000,11691000,10471000,10149000,11523000,10287000,11671000,11686000,11716000,10492000,10107000,11677000,11666000,11642000,11677000,11672000,10447000,10164000,10215000,11673000,11645000,11628000,11621000,10320000,10019000,11562000,11549000,11488000,11519000,11513000,10289000,9958000,11535000,11503000,11474000,11503000,11506000,10251000,10047000,11563000,11546000,11530000,11554000,10314000,10329000,10096000,11565000,11553000,11539000,11533000,11406000,10081000,9742000,11393000,11388000,11288000,11263000,11256000,10021000,9737000,11212000,11104000,10859000
東京23区全体,住人,8921000,8921000,8921000,8921000,8921000,8921000,8921000,8921000,8921000,8921000,8921000,8921000,8921000,8921000,8921000,8921000,8921000,8921000,8921000,8921000,8921000,8921000,8921000,8921000,8921000,8921000,8921000,8921000,8921000,8949000,8949000,8949000,8949000,8949000,8949000,8949000,8949000,8949000,8949000,8949000,8949000,8949000,8949000,8949000,8949000,8949000,8949000,8949000,8949000,8949000,8949000,8949000,8949000,8949000,8949000,8949000,8949000,8949000,8949000,8949000,8924000,8924000,8924000,8924000,8924000,8924000,8924000,8924000
東京23区全体,来訪者,1564000,1243000,2755000,2766000,2738000,2769000,2770000,1550000,1228000,2602000,1366000,2750000,2765000,2795000,1571000,1186000,2756000,2745000,2721000,2756000,2751000,1526000,1243000,1294000,2752000,2724000,2707000,2700000,1399000,1070000,2613000,2600000,2539000,2570000,2564000,1340000,1009000,2586000,2554000,2525000,2554000,2557000,1302000,1098000,2614000,2597000,2581000,2605000,1365000,1380000,1147000,2616000,2604000,2590000,2584000,2457000,1132000,793000,2444000,2439000,2364000,2339000,2332000,1097000,813000,2288000,2180000,1935000
千代田区,全体,454900,356900,1028900,1039900,1031900,1043900,1041900,453900,356900,958900,399900,1034900,1041900,1049900,458900,336900,1023900,1024900,1014900,1024900,1022900,433900,345900,353900,1011900,1003900,991900,986900,383900,288000,945000,939000,915000,923000,921000,364000,269000,928000,920000,914000,918000,921000,356000,296000,946000,945000,940000,949000,381000,376000,311000,948000,946000,941000,934000,872000,284000,196000,857000,855000,819500,802500,791500,266500,195500,775500,731500,624500
千代田区,住人,54900,54900,54900,54900,54900,54900,54900,54900,54900,54900,54900,54900,54900,54900,54900,54900,54900,54900,54900,54900,54900,54900,54900,54900,54900,54900,54900,54900,54900,56000,56000,56000,56000,56000,56000,56000,56000,56000,56000,56000,56000,56000,56000,56000,56000,56000,56000,56000,56000,56000,56000,56000,56000,56000,56000,56000,56000,56000,56000,56000,55500,55500,55500,55500,55500,55500,55500,55500
千代田区,来訪者,400000,302000,974000,985000,977000,989000,987000,399000,302000,904000,345000,980000,987000,995000,404000,282000,969000,970000,960000,970000,968000,379000,291000,299000,957000,949000,937000,932000,329000,232000,889000,883000,859000,867000,865000,308000,213000,872000,864000,858000,862000,865000,300000,240000,890000,889000,884000,893000,325000,320000,255000,892000,890000,885000,878000,816000,228000,140000,801000,799000,764000,747000,736000,211000,140000,720000,676000,569000
中央区,全体,441000,367000,849000,857000,852000,861000,863000,440000,370000,793000,394000,853000,863000,868000,444000,356000,848000,849000,838000,847000,849000,430000,364000,371000,841000,835000,825000,820000,393000,321000,791000,788000,768000,774000,777000,380000,311000,782000,777000,768000,776000,776000,375000,327000,790000,790000,789000,796000,385000,387000,338000,794000,794000,790000,787000,741000,322000,260000,733000,728000,701000,691000,684000,307000,256000,675000,641000,563000
中央区,住人,151000,151000,151000,151000,151000,151000,151000,151000,151000,151000,151000,151000,151000,151000,151000,151000,151000,151000,151000,151000,151000,151000,151000,151000,151000,151000,151000,151000,151000,153000,153000,153000,153000,153000,153000,153000,153000,153000,153000,153000,153000,153000,153000,153000,153000,153000,153000,153000,153000,153000,153000,153000,153000,153000,153000,153000,153000,153000,153000,153000,152000,152000,152000,152000,152000,152000,152000,152000
中央区,来訪者,290000,216000,698000,706000,701000,710000,712000,289000,219000,642000,243000,702000,712000,717000,293000,205000,697000,698000,687000,696000,698000,279000,213000,220000,690000,684000,674000,669000,242000,168000,638000,635000,615000,621000,624000,227000,158000,629000,624000,615000,623000,623000,222000,174000,637000,637000,636000,643000,232000,234000,185000,641000,641000,637000,634000,588000,169000,107000,580000,575000,549000,539000,532000,155000,104000,523000,489000,411000
港区,全体,615000,517000,1120000,1135000,1126000,1140000,1139000,614000,514000,1050000,556000,1128000,1139000,1144000,617000,498000,1119000,1122000,1111000,1118000,1120000,593000,511000,523000,1109000,1110000,1094000,1086000,549000,459000,1046000,1042000,1026000,1030000,1026000,535000,444000,1032000,1032000,1023000,1028000,1025000,528000,468000,1047000,1047000,1045000,1051000,549000,544000,479000,1048000,1050000,1047000,1037000,970000,464000,380000,957000,953000,925000,908000,899000,447000,378000,878000,835000,747000
港区,住人,238000,238000,238000,238000,238000,238000,238000,238000,238000,238000,238000,238000,238000,238000,238000,238000,238000,238000,238000,238000,238000,238000,238000,238000,238000,238000,238000,238000,238000,240000,240000,240000,240000,240000,240000,240000,240000,240000,240000,240000,240000,240000,240000,240000,240000,240000,240000,240000,240000,240000,240000,240000,240000,240000,240000,240000,240000,240000,240000,240000,239000,239000,239000,239000,239000,239000,239000,239000
港区,来訪者,377000,279000,882000,897000,888000,902000,901000,376000,276000,812000,318000,890000,901000,906000,379000,260000,881000,884000,873000,880000,882000,355000,273000,285000,871000,872000,856000,848000,311000,219000,806000,802000,786000,790000,786000,295000,204000,792000,792000,783000,788000,785000,288000,228000,807000,807000,805000,811000,309000,304000,239000,808000,810000,807000,797000,730000,224000,140000,717000,713000,686000,669000,660000,208000,139000,639000,596000,508000
新宿区,全体,691000,610000,973000,980000,971000,979000,985000,683000,604000,941000,633000,971000,975000,990000,689000,595000,967000,969000,959000,968000,972000,672000,600000,603000,963000,957000,949000,951000,635000,558000,925000,926000,909000,917000,919000,621000,546000,922000,917000,910000,916000,923000,614000,565000,929000,935000,929000,937000,631000,634000,578000,931000,936000,932000,926000,901000,561000,485000,888000,891000,863000,858000,854000,545000,484000,839000,816000,754000
新宿区,住人,327000,327000,327000,327000,327000,327000,327000,327000,327000,327000,327000,327000,327000,327000,327000,327000,327000,327000,327000,327000,327000,327000,327000,327000,327000,327000,327000,327000,327000,328000,328000,328000,328000,328000,328000,328000,328000,328000,328000,328000,328000,328000,328000,328000,328000,328000,328000,328000,328000,328000,328000,328000,328000,328000,328000,328000,328000,328000,328000,328000,327000,327000,327000,327000,327000,327000,327000,327000
新宿区,来訪者,364000,283000,646000,653000,644000,652000,658000,356000,277000,614000,306000,644000,648000,663000,362000,268000,640000,642000,632000,641000,645000,345000,273000,276000,636000,630000,622000,624000,308000,230000,597000,598000,581000,589000,591000,293000,218000,594000,589000,582000,588000,595000,286000,237000,601000,607000,601000,609000,303000,306000,250000,603000,608000,604000,598000,573000,233000,157000,560000,563000,536000,531000,527000,218000,157000,512000,489000,427000
文京区,全体,439000,392000,594000,601000,599000,601000,606000,437000,390000,577000,407000,595000,601000,609000,443000,381000,589000,592000,590000,591000,596000,426000,385000,384000,584000,583000,577000,581000,402000,355000,557000,561000,551000,556000,561000,390000,344000,556000,553000,555000,560000,563000,384000,360000,562000,567000,569000,573000,400000,407000,373000,569000,570000,571000,564000,546000,352000,307400,534000,533000,521000,519000,521000,344000,308200,514000,498000,465000
文京区,住人,212000,212000,212000,212000,212000,212000,212000,212000,212000,212000,212000,212000,212000,212000,212000,212000,212000,212000,212000,212000,212000,212000,212000,212000,212000,212000,212000,212000,212000,212000,212000,212000,212000,212000,212000,212000,212000,212000,212000,212000,212000,212000,212000,212000,212000,212000,212000,212000,212000,212000,212000,212000,212000,212000,212000,212000,212000,212000,212000,212000,212000,212000,212000,212000,212000,212000,212000,212000
文京区,来訪者,227000,180000,382000,389000,387000,389000,394000,225000,178000,365000,195000,383000,389000,397000,231000,169000,377000,380000,378000,379000,384000,214000,173000,172000,372000,371000,365000,369000,190000,143000,345000,349000,339000,344000,349000,178000,132000,344000,341000,343000,348000,351000,172000,148000,350000,355000,357000,361000,188000,195000,161000,357000,358000,359000,352000,334000,140000,95400,322000,321000,309000,307000,309000,132000,96200,302000,286000,253000
台東区,全体,375000,337000,491000,499000,496000,496000,502000,371000,337000,481000,350000,496000,501000,508000,377000,327000,491000,492000,490000,493000,497000,366000,335000,333000,486000,485000,481000,484000,345000,309000,466000,468000,459000,464000,468000,337000,298000,465000,464000,464000,467000,472000,331000,311000,470000,472000,474000,481000,348000,352000,323000,474000,476000,476000,472000,458000,307000,267600,449000,444000,433000,433000,434000,299000,268600,428000,416000,390000
台東区,住人,190000,190000,190000,190000,190000,190000,190000,190000,190000,190000,190000,190000,190000,190000,190000,190000,190000,190000,190000,190000,190000,190000,190000,190000,190000,190000,190000,190000,190000,191000,191000,191000,191000,191000,191000,191000,191000,191000,191000,191000,191000,191000,191000,191000,191000,191000,191000,191000,191000,191000,191000,191000,191000,191000,191000,191000,191000,191000,191000,191000,190000,190000,190000,190000,190000,190000,190000,190000
台東区,来訪者,185000,147000,301000,309000,306000,306000,312000,181000,147000,291000,160000,306000,311000,318000,187000,137000,301000,302000,300000,303000,307000,176000,145000,143000,296000,295000,291000,294000,155000,118000,275000,277000,268000,273000,277000,146000,107000,274000,273000,273000,276000,281000,140000,120000,279000,281000,283000,290000,157000,161000,132000,283000,285000,285000,281000,267000,116000,76600,258000,253000,243000,243000,244000,109000,78600,238000,226000,200000
墨田区,全体,405000,380000,478000,480000,482000,481000,483000,402000,379000,471000,385000,479000,482000,486000,405000,369000,478000,478000,477000,478000,481000,397000,378000,376000,475000,473000,472000,472000,386000,360700,457000,460000,453000,457000,459000,379000,352000,458000,456000,457000,460000,462000,374000,363000,461000,463000,465000,468000,386000,390000,370000,463000,466000,466000,464000,454000,360100,331600,448000,446000,437000,439000,440000,357900,333700,435000,428000,412000
墨田区,住人,262000,262000,262000,262000,262000,262000,262000,262000,262000,262000,262000,262000,262000,262000,262000,262000,262000,262000,262000,262000,262000,262000,262000,262000,262000,262000,262000,262000,262000,262000,262000,262000,262000,262000,262000,262000,262000,262000,262000,262000,262000,262000,262000,262000,262000,262000,262000,262000,262000,262000,262000,262000,262000,262000,262000,262000,262000,262000,262000,262000,262000,262000,262000,262000,262000,262000,262000,262000
墨田区,来訪者,143000,118000,216000,218000,220000,219000,221000,140000,117000,209000,123000,217000,220000,224000,143000,107000,216000,216000,215000,216000,219000,135000,116000,114000,213000,211000,210000,210000,124000,98700,195000,198000,191000,195000,197000,117000,90000,196000,194000,195000,198000,200000,112000,101000,199000,201000,203000,206000,124000,128000,108000,201000,204000,204000,202000,192000,98100,69600,186000,184000,175000,177000,178000,95900,71700,173000,166000,150000
江東区,全体,702000,655000,872000,876000,877000,881000,880000,698000,652000,849000,671000,877000,882000,884000,702000,645000,869000,871000,866000,874000,875000,694000,653000,657000,868000,870000,865000,863000,676000,628000,845000,846000,834000,842000,843000,669000,620000,842000,841000,836000,843000,842000,663000,632000,847000,849000,850000,851000,667000,679000,638000,845000,849000,844000,847000,827000,643000,592800,821000,821000,806000,809000,808000,639000,596500,802000,789000,758000
江東区,住人,500000,500000,500000,500000,500000,500000,500000,500000,500000,500000,500000,500000,500000,500000,500000,500000,500000,500000,500000,500000,500000,500000,500000,500000,500000,500000,500000,500000,500000,501000,501000,501000,501000,501000,501000,501000,501000,501000,501000,501000,501000,501000,501000,501000,501000,501000,501000,501000,501000,501000,501000,501000,501000,501000,501000,501000,501000,501000,501000,501000,501000,501000,501000,501000,501000,501000,501000,501000
江東区,来訪者,202000,155000,372000,376000,377000,381000,380000,198000,152000,349000,171000,377000,382000,384000,202000,145000,369000,371000,366000,374000,375000,194000,153000,157000,368000,370000,365000,363000,176000,127000,344000,345000,333000,341000,342000,168000,119000,341000,340000,335000,342000,341000,162000,131000,346000,348000,349000,350000,166000,178000,137000,344000,348000,343000,346000,326000,142000,91800,320000,320000,305000,308000,307000,138000,95500,301000,288000,257000
品川区,全体,565000,525000,757000,763000,758000,763000,763000,560000,522000,721000,540000,756000,761000,767000,565000,517000,753000,757000,753000,757000,758000,556000,524000,531000,753000,753000,746000,745000,543000,504000,727000,725000,718000,721000,720000,534000,495000,724000,721000,716000,720000,719000,530000,509000,730000,728000,728000,732000,540000,539000,512000,729000,730000,730000,727000,703000,512000,473200,695000,694000,681000,677000,675000,506000,474800,667000,652000,619000
品川区,住人,379000,379000,379000,379000,379000,379000,379000,379000,379000,379000,379000,379000,379000,379000,379000,379000,379000,379000,379000,379000,379000,379000,379000,379000,379000,379000,379000,379000,379000,380000,380000,380000,380000,380000,380000,380000,380000,380000,380000,380000,380000,380000,380000,380000,380000,380000,380000,380000,380000,380000,380000,380000,380000,380000,380000,380000,380000,380000,380000,380000,380000,380000,380000,380000,380000,380000,380000,380000
品川区,来訪者,186000,146000,378000,384000,379000,384000,384000,181000,143000,342000,161000,377000,382000,388000,186000,138000,374000,378000,374000,378000,379000,177000,145000,152000,374000,374000,367000,366000,164000,124000,347000,345000,338000,341000,340000,154000,115000,344000,341000,336000,340000,339000,150000,129000,350000,348000,348000,352000,160000,159000,132000,349000,350000,350000,347000,323000,132000,93200,315000,314000,301000,297000,295000,126000,94800,287000,272000,239000
目黒区,全体,435000,402000,498000,504000,501000,507000,511000,433000,402000,494000,410000,502000,507000,512000,431000,393000,499000,501000,500000,503000,509000,427000,400000,400000,498000,497000,495000,498000,413000,381000,480000,483000,476000,481000,485000,404000,372000,481000,480000,481000,484000,489000,400000,386000,487000,487000,484000,493000,411000,414000,390000,486000,488000,488000,490000,478000,380000,347700,468000,465000,452000,457000,458000,375000,349400,451000,441000,425000
目黒区,住人,269000,269000,269000,269000,269000,269000,269000,269000,269000,269000,269000,269000,269000,269000,269000,269000,269000,269000,269000,269000,269000,269000,269000,269000,269000,269000,269000,269000,269000,270000,270000,270000,270000,270000,270000,270000,270000,270000,270000,270000,270000,270000,270000,270000,270000,270000,270000,270000,270000,270000,270000,270000,270000,270000,270000,270000,270000,270000,270000,270000,269000,269000,269000,269000,269000,269000,269000,269000
目黒区,来訪者,166000,133000,229000,235000,232000,238000,242000,164000,133000,225000,141000,233000,238000,243000,162000,124000,230000,232000,231000,234000,240000,158000,131000,131000,229000,228000,226000,229000,144000,111000,210000,213000,206000,211000,215000,134000,102000,211000,210000,211000,214000,219000,130000,116000,217000,217000,214000,223000,141000,144000,120000,216000,218000,218000,220000,208000,110000,77700,198000,195000,183000,188000,189000,106000,80400,182000,172000,156000
大田区,全体,906000,871000,1004000,1011000,1008000,1012000,1016000,907000,868000,988000,888000,1009000,1013000,1017000,907000,867000,1005000,1006000,1003000,1010000,1015000,905000,870000,878000,1001000,1002000,998000,999000,884000,848000,982000,983000,976000,981000,984000,875000,837000,979000,978000,976000,983000,983000,869000,850000,985000,983000,986000,990000,882000,883000,856000,984000,986000,985000,988000,977000,858000,818000,968000,967000,953000,956000,957000,852000,816000,951000,941000,920000
大田区,住人,706000,706000,706000,706000,706000,706000,706000,706000,706000,706000,706000,706000,706000,706000,706000,706000,706000,706000,706000,706000,706000,706000,706000,706000,706000,706000,706000,706000,706000,708000,708000,708000,708000,708000,708000,708000,708000,708000,708000,708000,708000,708000,708000,708000,708000,708000,708000,708000,708000,708000,708000,708000,708000,708000,708000,708000,708000,708000,708000,708000,707000,707000,707000,707000,707000,707000,707000,707000
大田区,来訪者,200000,165000,298000,305000,302000,306000,310000,201000,162000,282000,182000,303000,307000,311000,201000,161000,299000,300000,297000,304000,309000,199000,164000,172000,295000,296000,292000,293000,178000,140000,274000,275000,268000,273000,276000,167000,129000,271000,270000,268000,275000,275000,161000,142000,277000,275000,278000,282000,174000,175000,148000,276000,278000,277000,280000,269000,150000,110000,260000,259000,246000,249000,250000,145000,109000,244000,234000,213000
世田谷区,全体,1112000,1068000,1177000,1181000,1178000,1182000,1187000,1108000,1065000,1172000,1077000,1179000,1181000,1191000,1107000,1059000,1181000,1180000,1177000,1181000,1189000,1109000,1069000,1072000,1179000,1177000,1176000,1181000,1088000,1045000,1160000,1163000,1154000,1161000,1169000,1083000,1035000,1161000,1158000,1159000,1166000,1170000,1077000,1053000,1167000,1167000,1168000,1175000,1095000,1098000,1059000,1166000,1170000,1169000,1171000,1164000,1057000,1007000,1153000,1150000,1136000,1144000,1149000,1054000,1014000,1138000,1131000,1111000
世田谷区,住人,880000,880000,880000,880000,880000,880000,880000,880000,880000,880000,880000,880000,880000,880000,880000,880000,880000,880000,880000,880000,880000,880000,880000,880000,880000,880000,880000,880000,880000,881000,881000,881000,881000,881000,881000,881000,881000,881000,881000,881000,881000,881000,881000,881000,881000,881000,881000,881000,881000,881000,881000,881000,881000,881000,881000,881000,881000,881000,881000,881000,881000,881000,881000,881000,881000,881000,881000,881000
世田谷区,来訪者,232000,188000,297000,301000,298000,302000,307000,228000,185000,292000,197000,299000,301000,311000,227000,179000,301000,300000,297000,301000,309000,229000,189000,192000,299000,297000,296000,301000,208000,164000,279000,282000,273000,280000,288000,202000,154000,280000,277000,278000,285000,289000,196000,172000,286000,286000,287000,294000,214000,217000,178000,285000,289000,288000,290000,283000,176000,126000,272000,269000,255000,263000,268000,173000,133000,257000,250000,230000
渋谷区,全体,524000,459000,724000,729000,726000,732000,738000,522000,454000,706000,474000,729000,734000,744000,522000,441000,725000,722000,718000,726000,734000,508000,453000,453000,718000,715000,709000,713000,480000,415000,684000,684000,672000,680000,683000,463000,401000,681000,676000,674000,683000,686000,457000,418000,688000,687000,683000,696000,474000,478000,426000,687000,689000,687000,685000,657000,403000,341000,644000,639000,620000,618000,618000,390000,341000,604000,583000,531000
渋谷区,住人,213000,213000,213000,213000,213000,213000,213000,213000,213000,213000,213000,213000,213000,213000,213000,213000,213000,213000,213000,213000,213000,213000,213000,213000,213000,213000,213000,213000,213000,214000,214000,214000,214000,214000,214000,214000,214000,214000,214000,214000,214000,214000,214000,214000,214000,214000,214000,214000,214000,214000,214000,214000,214000,214000,214000,214000,214000,214000,214000,214000,214000,214000,214000,214000,214000,214000,214000,214000
渋谷区,来訪者,311000,246000,511000,516000,513000,519000,525000,309000,241000,493000,261000,516000,521000,531000,309000,228000,512000,509000,505000,513000,521000,295000,240000,240000,505000,502000,496000,500000,267000,201000,470000,470000,458000,466000,469000,249000,187000,467000,462000,460000,469000,472000,243000,204000,474000,473000,469000,482000,260000,264000,212000,473000,475000,473000,471000,443000,189000,127000,430000,425000,406000,404000,404000,176000,127000,390000,369000,317000
中野区,全体,487000,460000,550000,551000,549000,554000,555000,484000,456000,543000,463000,547000,550000,554000,485000,451000,548000,547000,545000,546000,550000,481000,457000,456000,546000,542000,540000,542000,466000,442000,530000,531000,524000,530000,531000,461000,435000,530000,526000,526000,529000,533000,458000,444000,531000,534000,532000,537000,466000,471000,449000,534000,536000,533000,536000,528000,444000,414600,520000,519000,506000,510000,510000,438000,415600,507000,499000,482000
中野区,住人,321000,321000,321000,321000,321000,321000,321000,321000,321000,321000,321000,321000,321000,321000,321000,321000,321000,321000,321000,321000,321000,321000,321000,321000,321000,321000,321000,321000,321000,322000,322000,322000,322000,322000,322000,322000,322000,322000,322000,322000,322000,322000,322000,322000,322000,322000,322000,322000,322000,322000,322000,322000,322000,322000,322000,322000,322000,322000,322000,322000,321000,321000,321000,321000,321000,321000,321000,321000
中野区,来訪者,166000,139000,229000,230000,228000,233000,234000,163000,135000,222000,142000,226000,229000,233000,164000,130000,227000,226000,224000,225000,229000,160000,136000,135000,225000,221000,219000,221000,145000,120000,208000,209000,202000,208000,209000,139000,113000,208000,204000,204000,207000,211000,136000,122000,209000,212000,210000,215000,144000,149000,127000,212000,214000,211000,214000,206000,122000,92600,198000,197000,185000,189000,189000,117000,94600,186000,178000,161000
杉並区,全体,711000,686000,754000,755000,754000,758000,759000,710000,683000,749000,689000,754000,754000,761000,712000,679000,755000,754000,749000,754000,759000,708000,685000,686000,752000,752000,749000,752000,698000,671000,740000,744000,736000,742000,746000,693000,665000,742000,738000,740000,744000,748000,689000,676000,744000,745000,746000,750000,701000,706000,681000,745000,746000,746000,748000,745000,677000,645300,735000,733000,721000,726000,729000,673000,649400,725000,719000,706000
杉並区,住人,551000,551000,551000,551000,551000,551000,551000,551000,551000,551000,551000,551000,551000,551000,551000,551000,551000,551000,551000,551000,551000,551000,551000,551000,551000,551000,551000,551000,551000,552000,552000,552000,552000,552000,552000,552000,552000,552000,552000,552000,552000,552000,552000,552000,552000,552000,552000,552000,552000,552000,552000,552000,552000,552000,552000,552000,552000,552000,552000,552000,551000,551000,551000,551000,551000,551000,551000,551000
杉並区,来訪者,160000,135000,203000,204000,203000,207000,208000,159000,132000,198000,138000,203000,203000,210000,161000,128000,204000,203000,198000,203000,208000,157000,134000,135000,201000,201000,198000,201000,147000,119000,188000,192000,184000,190000,194000,141000,113000,190000,186000,188000,192000,196000,137000,124000,192000,193000,194000,198000,149000,154000,129000,193000,194000,194000,196000,193000,125000,93300,183000,181000,170000,175000,178000,122000,98400,174000,168000,155000
豊島区,全体,484000,449000,578000,581000,578000,582000,586000,481000,444000,570000,458000,578000,578000,585000,484000,440000,574000,575000,574000,574000,580000,476000,442000,444000,572000,569000,568000,572000,461000,426000,558000,559000,548000,556000,560000,453000,417000,556000,555000,553000,558000,562000,448000,427000,561000,562000,560000,568000,459000,461000,433000,562000,566000,563000,561000,554000,423000,385000,542000,543000,531000,532000,533000,414000,382000,527000,518000,492000
豊島区,住人,277000,277000,277000,277000,277000,277000,277000,277000,277000,277000,277000,277000,277000,277000,277000,277000,277000,277000,277000,277000,277000,277000,277000,277000,277000,277000,277000,277000,277000,278000,278000,278000,278000,278000,278000,278000,278000,278000,278000,278000,278000,278000,278000,278000,278000,278000,278000,278000,278000,278000,278000,278000,278000,278000,278000,278000,278000,278000,278000,278000,277000,277000,277000,277000,277000,277000,277000,277000
豊島区,来訪者,207000,172000,301000,304000,301000,305000,309000,204000,167000,293000,181000,301000,301000,308000,207000,163000,297000,298000,297000,297000,303000,199000,165000,167000,295000,292000,291000,295000,184000,148000,280000,281000,270000,278000,282000,175000,139000,278000,277000,275000,280000,284000,170000,149000,283000,284000,282000,290000,181000,183000,155000,284000,288000,285000,283000,276000,145000,107000,264000,265000,254000,255000,256000,137000,105000,250000,241000,215000
北区,全体,497000,470000,546000,548000,547000,549000,551000,495000,466000,540000,477000,548000,549000,552000,496000,462000,545000,544000,547000,546000,550000,492000,466000,469000,544000,544000,542000,544000,480000,456000,533000,534000,530000,533000,535000,474000,449000,533000,530000,534000,534000,537000,471000,457000,536000,536000,538000,541000,481000,484000,464000,536000,539000,539000,537000,532000,461000,431000,525000,525000,517000,519000,521000,458000,434200,518000,512000,502000
北区,住人,341000,341000,341000,341000,341000,341000,341000,341000,341000,341000,341000,341000,341000,341000,341000,341000,341000,341000,341000,341000,341000,341000,341000,341000,341000,341000,341000,341000,341000,341000,341000,341000,341000,341000,341000,341000,341000,341000,341000,341000,341000,341000,341000,341000,341000,341000,341000,341000,341000,341000,341000,341000,341000,341000,341000,341000,341000,341000,341000,341000,341000,341000,341000,341000,341000,341000,341000,341000
北区,来訪者,156000,129000,205000,207000,206000,208000,210000,154000,125000,199000,136000,207000,208000,211000,155000,121000,204000,203000,206000,205000,209000,151000,125000,128000,203000,203000,201000,203000,139000,115000,192000,193000,189000,192000,194000,133000,108000,192000,189000,193000,193000,196000,130000,116000,195000,195000,197000,200000,140000,143000,123000,195000,198000,198000,196000,191000,120000,90000,184000,184000,176000,178000,180000,117000,93200,177000,171000,161000
荒川区,全体,326000,306000,370000,374000,375000,374000,377000,325000,303900,366000,310000,374000,376000,380000,327000,299900,370000,371000,372000,373000,376000,323000,304900,305500,369000,371000,369000,370000,313000,294200,361000,362000,358000,360000,362000,309000,288200,360000,360000,361000,362000,365000,306200,295600,362000,364000,366000,369000,314000,317000,302800,363000,367000,367000,364000,359000,295900,274300,353000,352000,346000,347000,349000,293200,275800,345000,340000,330000
荒川区,住人,209000,209000,209000,209000,209000,209000,209000,209000,209000,209000,209000,209000,209000,209000,209000,209000,209000,209000,209000,209000,209000,209000,209000,209000,209000,209000,209000,209000,209000,210000,210000,210000,210000,210000,210000,210000,210000,210000,210000,210000,210000,210000,210000,210000,210000,210000,210000,210000,210000,210000,210000,210000,210000,210000,210000,210000,210000,210000,210000,210000,210000,210000,210000,210000,210000,210000,210000,210000
荒川区,来訪者,117000,97000,161000,165000,166000,165000,168000,116000,94900,157000,101000,165000,167000,171000,118000,90900,161000,162000,163000,164000,167000,114000,95900,96500,160000,162000,160000,161000,104000,84200,151000,152000,148000,150000,152000,99000,78200,150000,150000,151000,152000,155000,96200,85600,152000,154000,156000,159000,104000,107000,92800,153000,157000,157000,154000,149000,85900,64300,143000,142000,136000,137000,139000,83200,65800,135000,130000,120000
板橋区,全体,691000,665000,728000,730000,731000,732000,733000,689000,664000,727000,674000,731000,730000,734000,692000,660000,730000,729000,730000,731000,733000,690000,667000,669000,730000,728000,727000,729000,681000,656000,719000,723000,717000,721000,724000,677000,651000,721000,720000,722000,723000,726000,672000,658000,722000,724000,725000,728000,680000,685000,662000,723000,724000,727000,727000,723000,666000,632900,716000,717000,709000,711000,714000,664000,638800,711000,706000,697000
板橋区,住人,550000,550000,550000,550000,550000,550000,550000,550000,550000,550000,550000,550000,550000,550000,550000,550000,550000,550000,550000,550000,550000,550000,550000,550000,550000,550000,550000,550000,550000,551000,551000,551000,551000,551000,551000,551000,551000,551000,551000,551000,551000,551000,551000,551000,551000,551000,551000,551000,551000,551000,551000,551000,551000,551000,551000,551000,551000,551000,551000,551000,551000,551000,551000,551000,551000,551000,551000,551000
板橋区,来訪者,141000,115000,178000,180000,181000,182000,183000,139000,114000,177000,124000,181000,180000,184000,142000,110000,180000,179000,180000,181000,183000,140000,117000,119000,180000,178000,177000,179000,131000,105000,168000,172000,166000,170000,173000,126000,100000,170000,169000,171000,172000,175000,121000,107000,171000,173000,174000,177000,129000,134000,111000,172000,173000,176000,176000,172000,115000,81900,165000,166000,158000,160000,163000,113000,87800,160000,155000,146000
練馬区,全体,854000,835000,875000,876000,876000,877000,879000,851000,831000,874000,838000,875000,876000,879000,852000,827000,877000,875000,875000,876000,880000,852000,835000,836000,876000,874000,874000,876000,844000,826000,867000,870000,865000,869000,872000,842000,819000,869000,867000,868000,870000,874000,837000,828000,872000,872000,872000,875000,845000,851000,833000,871000,872000,873000,874000,872000,831000,801800,866000,866000,856000,861000,863000,829000,809000,861000,856000,849000
練馬区,住人,711000,711000,711000,711000,711000,711000,711000,711000,711000,711000,711000,711000,711000,711000,711000,711000,711000,711000,711000,711000,711000,711000,711000,711000,711000,711000,711000,711000,711000,712000,712000,712000,712000,712000,712000,712000,712000,712000,712000,712000,712000,712000,712000,712000,712000,712000,712000,712000,712000,712000,712000,712000,712000,712000,712000,712000,712000,712000,712000,712000,712000,712000,712000,712000,712000,712000,712000,712000
練馬区,来訪者,143000,124000,164000,165000,165000,166000,168000,140000,120000,163000,127000,164000,165000,168000,141000,116000,166000,164000,164000,165000,169000,141000,124000,125000,165000,163000,163000,165000,133000,114000,155000,158000,153000,157000,160000,130000,107000,157000,155000,156000,158000,162000,125000,116000,160000,160000,160000,163000,133000,139000,121000,159000,160000,161000,162000,160000,119000,89800,154000,154000,144000,149000,151000,117000,97000,149000,144000,137000
足立区,全体,842000,814000,884000,885000,886000,887000,890000,841000,812000,882000,820000,886000,888000,894000,841000,805000,884000,885000,884000,885000,891000,837000,813000,815000,883000,884000,881000,887000,826000,801000,874000,876000,869000,874000,877000,821000,792000,874000,872000,874000,875000,880000,817000,804000,877000,877000,878000,883000,828000,833000,810000,877000,880000,881000,880000,874000,807000,772000,867000,866000,857000,861000,864000,806000,777000,859000,853000,842000
足立区,住人,670000,670000,670000,670000,670000,670000,670000,670000,670000,670000,670000,670000,670000,670000,670000,670000,670000,670000,670000,670000,670000,670000,670000,670000,670000,670000,670000,670000,670000,671000,671000,671000,671000,671000,671000,671000,671000,671000,671000,671000,671000,671000,671000,671000,671000,671000,671000,671000,671000,671000,671000,671000,671000,671000,671000,671000,671000,671000,671000,671000,671000,671000,671000,671000,671000,671000,671000,671000
足立区,来訪者,172000,144000,214000,215000,216000,217000,220000,171000,142000,212000,150000,216000,218000,224000,171000,135000,214000,215000,214000,215000,221000,167000,143000,145000,213000,214000,211000,217000,156000,130000,203000,205000,198000,203000,206000,150000,121000,203000,201000,203000,204000,209000,146000,133000,206000,206000,207000,212000,157000,162000,139000,206000,209000,210000,209000,203000,136000,101000,196000,195000,186000,190000,193000,135000,106000,188000,182000,171000
葛飾区,全体,574000,556000,605000,606000,607000,607000,608000,573000,555000,604000,559000,606000,608000,611000,573000,548100,606000,605000,604000,605000,609000,570000,555000,554000,604000,603000,602000,606000,562000,545100,596000,598000,593000,596000,598000,560000,538200,598000,596000,597000,597000,601000,555000,548700,599000,599000,601000,604000,565000,569000,552000,599000,600000,601000,600000,596000,547900,523500,591000,589000,583000,586000,589000,547800,527800,586000,579000,572000
葛飾区,住人,450000,450000,450000,450000,450000,450000,450000,450000,450000,450000,450000,450000,450000,450000,450000,450000,450000,450000,450000,450000,450000,450000,450000,450000,450000,450000,450000,450000,450000,451000,451000,451000,451000,451000,451000,451000,451000,451000,451000,451000,451000,451000,451000,451000,451000,451000,451000,451000,451000,451000,451000,451000,451000,451000,451000,451000,451000,451000,451000,451000,451000,451000,451000,451000,451000,451000,451000,451000
葛飾区,来訪者,124000,106000,155000,156000,157000,157000,158000,123000,105000,154000,109000,156000,158000,161000,123000,98100,156000,155000,154000,155000,159000,120000,105000,104000,154000,153000,152000,156000,112000,94100,145000,147000,142000,145000,147000,109000,87200,147000,145000,146000,146000,150000,104000,97700,148000,148000,150000,153000,114000,118000,101000,148000,149000,150000,149000,145000,96900,72500,140000,138000,132000,135000,138000,96800,76800,135000,128000,121000
江戸川区,全体,828000,807000,869000,869000,871000,870000,872000,825000,805000,865000,812000,869000,870000,873000,827000,799000,871000,869000,867000,870000,874000,824000,808000,807000,867000,866000,865000,867000,812000,790000,854000,856000,851000,854000,856000,807000,783000,855000,852000,855000,857000,859000,802000,794000,858000,856000,857000,859000,809000,815000,797000,857000,857000,858000,858000,854000,796000,768800,848000,847000,839000,842000,844000,793000,770700,841000,836000,829000
江戸川区,住人,679000,679000,679000,679000,679000,679000,679000,679000,679000,679000,679000,679000,679000,679000,679000,679000,679000,679000,679000,679000,679000,679000,679000,679000,679000,679000,679000,679000,679000,680000,680000,680000,680000,680000,680000,680000,680000,680000,680000,680000,680000,680000,680000,680000,680000,680000,680000,680000,680000,680000,680000,680000,680000,680000,680000,680000,680000,680000,680000,680000,679000,679000,679000,679000,679000,679000,679000,679000
江戸川区,来訪者,149000,128000,190000,190000,192000,191000,193000,146000,126000,186000,133000,190000,191000,194000,148000,120000,192000,190000,188000,191000,195000,145000,129000,128000,188000,187000,186000,188000,133000,110000,174000,176000,171000,174000,176000,127000,103000,175000,172000,175000,177000,179000,122000,114000,178000,176000,177000,179000,129000,135000,117000,177000,177000,178000,178000,174000,116000,88800,168000,167000,160000,163000,165000,114000,91700,162000,157000,150000
